{"image/about.png":["image/about.png"],"image/body-scanner.png":["image/body-scanner.png"],"image/fast.jpg":["image/fast.jpg"],"image/fluid.jpg":["image/fluid.jpg"],"image/git.png":["image/git.png"],"image/h1.jpg":["image/h1.jpg"],"image/h2.png":["image/h2.png"],"image/h3.png":["image/h3.png"],"image/h4.png":["image/h4.png"],"image/h5.png":["image/h5.png"],"image/h6.png":["image/h6.png"],"image/h7.png":["image/h7.png"],"image/h8.png":["image/h8.png"],"image/highaccuracy.jpg":["image/highaccuracy.jpg"],"image/home.png":["image/home.png"],"image/loading.gif":["image/loading.gif"],"image/logo.gif":["image/logo.gif"],"image/multiplatform.png":["image/multiplatform.png"],"image/python.png":["image/python.png"],"image/spoofing.png":["image/spoofing.png"],"image/userfriendly.png":["image/userfriendly.png"],"image/vulnerability.png":["image/vulnerability.png"],"packages/cupertino_icons/assets/CupertinoIcons.ttf":["packages/cupertino_icons/assets/CupertinoIcons.ttf"]}